{

    "name": "capstoneProjectDevContainer",

    // Build the devcontainer from the Dockerfile
    "build": {"dockerfile": "../Dockerfile"},

    // The features we should have. This ensures we have the gitbub CLI
	"features": {
		"ghcr.io/devcontainers/features/github-cli:1": {}
	},

    "remoteEnv": {
        "PYTHONPATH": "${containerWorkspaceFolder}"
    },

    // The extensions installed in the resulting VSCode Version
    "customizations": {
        "vscode": {
            "extensions": [
                "ms-python.python",
                "ms-azuretools.vscode-docker",
                "visualstudioexptteam.vscodeintellicode"
            ],
            "settings": {
                "files.trimTrailingWhitespace": true,
                "[python]": {
                    "editor.defaultFormatter": "ms-python.autopep8",
                    "editor.formatOnSave": true
                }
            }
        }
    },

    "postCreateCommand": "bash utils/postCreateScript.sh"

}
